id,count,avg_rating,avg_weighted_rating,popular_lens,popular_lens_count,best_photo_rating,best_photo_num_ratings,best_photo_catalog_number,best_photo_bird,best_photo_photographer,best_photo_year,best_photo_link,brand,name,cost,megapixels
Canon EOS 7D Mark II,400,4.89,2.99,EF100-400mm f/4.5-5.6L IS II USM,155.0,4.93,426,87875731,Aplomado Falcon,Christian Fernandez,2018,https://macaulaylibrary.org/asset/87875731,Canon,EOS 7D Mark II,500.0,20.2
Nikon D500,319,4.9,3.04,200.0-500.0 mm f/5.6,72.0,4.94,428,432138011,Cliff Swallow,Anne Spiers,2022,https://macaulaylibrary.org/asset/432138011,Nikon,D500,1000.0,20.9
Canon EOS R5,120,4.94,3.02,RF100-500mm F4.5-7.1 L IS USM,54.0,4.94,452,534030941,Harlequin Duck,Josh Cooper,2023,https://macaulaylibrary.org/asset/534030941,Canon,EOS R5,2300.0,45.0
Canon EOS 7D,82,4.88,2.98,EF400mm f/5.6L USM,20.0,4.85,207,171326041,Harpy Eagle,Ramiro Ramirez,2019,https://macaulaylibrary.org/asset/171326041,Canon,EOS 7D,200.0,18.0
Nikon D850,80,4.89,2.97,500.0 mm f/5.6,20.0,4.91,339,491555361,Cooper's Hawk,Jen Davis,2022,https://macaulaylibrary.org/asset/491555361,Nikon,D850,1500.0,45.7
Canon EOS R7,73,4.95,2.9,RF100-500mm F4.5-7.1 L IS USM,34.0,4.98,171,613934009,Striped Crake,Jandre Verster,2024,https://macaulaylibrary.org/asset/613934009,Canon,EOS R7,1500.0,32.5
Nikon D7200,73,4.89,2.94,200.0-500.0 mm f/5.6,18.0,4.92,111,299102041,Barrow's Goldeneye,Max Brodie,2021,https://macaulaylibrary.org/asset/299102041,Nikon,D7200,550.0,24.2
Nikon D7500,71,4.91,2.95,200.0-500.0 mm f/5.6,17.0,4.96,129,159839731,Golden-winged Warbler,Sylvain Messier,2019,https://macaulaylibrary.org/asset/159839731,Nikon,D7500,700.0,20.9
Canon EOS 80D,65,4.88,3.03,EF100-400mm f/4.5-5.6L IS II USM,14.0,4.88,142,50366231,Black-throated Blue Warbler,Aaron Marshall,2016,https://macaulaylibrary.org/asset/50366231,Canon,EOS 80D,500.0,24.2
Canon EOS 5D Mark IV,59,4.9,2.98,EF100-400mm f/4.5-5.6L IS II USM,19.0,4.96,186,355934311,Rufous Hummingbird,Chuck Gates,2021,https://macaulaylibrary.org/asset/355934311,Canon,EOS 5D Mark IV,1000.0,30.4
Canon EOS 90D,55,4.9,2.93,EF100-400mm f/4.5-5.6L IS II USM,18.0,4.98,169,588925691,Blue-headed Vireo,Emilia Deino,2023,https://macaulaylibrary.org/asset/588925691,Canon,EOS 90D,900.0,32.5
Nikon D7100,53,4.87,2.85,200.0-500.0 mm f/5.6,9.0,4.93,154,240239681,Cedar Waxwing,Joshua Brown,2020,https://macaulaylibrary.org/asset/240239681,Nikon,D7100,300.0,24.1
Nikon COOLPIX P900,48,4.77,2.76,,,4.98,168,166326141,African Penguin,Kalin OcaÃ±a,2019,https://macaulaylibrary.org/asset/166326141,Nikon,COOLPIX P900,600.0,16.0
Canon EOS R6,43,4.92,3.08,RF100-500mm F4.5-7.1 L IS USM,16.0,4.97,357,448672911,Cerulean Warbler,Joley Sullivan,2022,https://macaulaylibrary.org/asset/448672911,Canon,EOS R6,2500.0,20.1
Canon EOS 70D,42,4.84,2.89,EF400mm f/5.6L USM,11.0,4.92,118,43828641,Tufted Titmouse,Gates Dupont,2016,https://macaulaylibrary.org/asset/43828641,Canon,EOS 70D,400.0,20.2
Nikon D750,38,4.88,2.97,200.0-500.0 mm f/5.6,10.0,5.0,172,393898841,Black-collared Swallow,Tyler Ficker,2021,https://macaulaylibrary.org/asset/393898841,Nikon,D750,750.0,24.3
Canon EOS 5D Mark III,38,4.91,3.04,EF400mm f/5.6L USM,4.0,4.9,203,592481491,Black Tern,Josiah Vandenberg,2023,https://macaulaylibrary.org/asset/592481491,Canon,EOS 5D Mark III,700.0,22.3
Nikon Z9,37,4.96,3.12,AF-S NIKKOR 500mm f/5.6E PF ED VR,7.0,4.93,269,611064226,Evening Grosbeak,FABRICE SIMON,2023,https://macaulaylibrary.org/asset/611064226,Nikon,Z9,4500.0,45.7
Canon EOS-1D X Mark II,35,4.95,2.95,EF500mm f/4L IS II USM +1.4x III,4.0,4.93,114,407322241,Greater Roadrunner,Michael Henry,2022,https://macaulaylibrary.org/asset/407322241,Canon,EOS-1D X Mark II,1600.0,20.2
Sony Cyber-shot DSC-RX10 IV,32,4.85,3.08,8.8-220mm f/2.4-4.0,16.0,4.92,475,373545991,Turkey Vulture,Kathryn Young,2021,https://macaulaylibrary.org/asset/373545991,Sony,Cyber-shot DSC-RX10 IV,1200.0,20.1
Sony Alpha 1,31,4.93,2.95,FE 200-600mm F5.6-6.3 G OSS,10.0,4.94,461,502260161,Short-eared Owl,Nathan Kelley,2022,https://macaulaylibrary.org/asset/502260161,Sony,Alpha 1,4100.0,50.0
Nikon D5300,30,4.81,2.91,200.0-500.0 mm f/5.6,4.0,4.97,136,616529921,Chatham Albatross,Pablo Martinez Morales,2024,https://macaulaylibrary.org/asset/616529921,Nikon,D5300,400.0,24.2
Canon EOS 60D,28,4.89,2.84,EF100-400mm f/4.5-5.6L IS USM,7.0,4.76,88,230310511,Brant,Serena Pedane,2020,https://macaulaylibrary.org/asset/230310511,Canon,EOS 60D,200.0,18.0
Nikon COOLPIX P1000,25,4.8,2.73,,,4.92,85,423895101,Palestine Sunbird,×ž×•×˜×™ ×‘×™×™×¤×•×¡,2022,https://macaulaylibrary.org/asset/423895101,Nikon,COOLPIX P1000,1000.0,16.0
Olympus OM-D E-M1 Mark II,24,4.9,2.97,OLYMPUS M.300mm F4.0,11.0,4.92,238,203357431,Magnificent Frigatebird,Chris Brown,2020,https://macaulaylibrary.org/asset/203357431,Olympus,OM-D E-M1 Mark II,500.0,20.4
Nikon D7000,24,4.83,2.93,300.0 mm f/4.0,5.0,4.98,119,50087221,Golden-crowned Kinglet,Jacob McGinnis,2017,https://macaulaylibrary.org/asset/50087221,Nikon,D7000,200.0,16.2
Nikon D5600,23,4.81,2.79,150.0-600.0 mm f/5.0-6.3,5.0,4.95,96,526757791,Australian Owlet-nightjar,Nick Rogers,2023,https://macaulaylibrary.org/asset/526757791,Nikon,D5600,500.0,24.2
Olympus OM-1,23,4.93,2.95,OLYMPUS M.100-400mm F5.0-6.3,5.0,4.82,298,578928681,Red-tailed Hawk,Alex Sundvall,2023,https://macaulaylibrary.org/asset/578928681,Olympus,OM-1,1200.0,20.4
Sony Alpha 7 III,23,4.88,2.98,FE 200-600mm F5.6-6.3 G OSS,14.0,4.97,116,289384351,Spectacled Tyrant,Hederd Torres GarcÃ­a,2020,https://macaulaylibrary.org/asset/289384351,Sony,Alpha 7 III,1500.0,24.2
Canon PowerShot SX60 HS,22,4.75,2.8,3.8-247.0 mm,4.0,4.9,145,115751371,Vermilion Flycatcher,Daniel Clark,2018,https://macaulaylibrary.org/asset/115751371,Canon,PowerShot SX60 HS,500.0,20.3
Nikon Z8,21,4.96,3.03,AF-S NIKKOR 500mm f/5.6E PF ED VR,8.0,4.98,204,625979288,Scissor-tailed Flycatcher,Lisa Miller,2024,https://macaulaylibrary.org/asset/625979288,Nikon,Z8,3500.0,45.7
Sony Alpha 7 IV,20,4.89,2.88,FE 200-600mm F5.6-6.3 G OSS,17.0,5.0,97,522968011,Black-crested Coquette,Tyler Wenzel,2023,https://macaulaylibrary.org/asset/522968011,Sony,Alpha 7 IV,2500.0,33.0
Canon EOS-1D X,20,4.92,3.28,EF500mm f/4L IS II USM +1.4x III,3.0,4.97,174,259358411,Stripe-backed Bittern,Ghiorzo JoaquÃ­n,2019,https://macaulaylibrary.org/asset/259358411,Canon,EOS-1D X,1000.0,18.1
Nikon D810,19,4.84,2.78,200.0-500.0 mm f/5.6,5.0,4.98,97,233043451,Red-necked Phalarope,Kevin Pero,2020,https://macaulaylibrary.org/asset/233043451,Nikon,D810,800.0,36.3
Nikon COOLPIX P950,17,4.8,2.81,,,4.91,77,315198911,Canyon Wren,Mary Rumple,2021,https://macaulaylibrary.org/asset/315198911,Nikon,COOLPIX P950,800.0,16.0
Nikon D3400,16,4.89,2.85,70.0-300.0 mm f/4.5-6.3,4.0,4.96,93,339607841,Blue-headed Vireo,Rebecca Maier,2021,https://macaulaylibrary.org/asset/339607841,Nikon,D3400,250.0,24.2
Sony Alpha 7R IV,15,4.89,3.06,FE 200-600mm F5.6-6.3 G OSS,9.0,4.91,185,307978311,Green Jay,Angie Birmingham,2021,https://macaulaylibrary.org/asset/307978311,Sony,Alpha 7R IV,2000.0,61.0
Canon EOS 6D Mark II,14,4.94,2.9,EF100-400mm f/4.5-5.6L IS II USM,5.0,4.89,208,537625101,Great Blue Heron,Danielle Cooper,2023,https://macaulaylibrary.org/asset/537625101,Canon,EOS 6D Mark II,750.0,26.2
Canon EOS Rebel T3i,14,4.76,2.9,EF100-400mm f/4.5-5.6L IS USM,4.0,4.99,138,399017941,LeConte's Sparrow,Sean Cowden,2021,https://macaulaylibrary.org/asset/399017941,Canon,EOS Rebel T3i,150.0,18.0
Canon PowerShot SX50 HS,14,4.82,3.11,4.3-215.0 mm,1.0,4.92,193,35970611,California Condor,Jeff Culler,2015,https://macaulaylibrary.org/asset/35970611,Canon,PowerShot SX50 HS,200.0,12.1
Nikon D5200,13,4.8,2.85,300.0 mm f/4.0,1.0,4.91,143,28760101,Common Merganser,David Wade,2016,https://macaulaylibrary.org/asset/28760101,Nikon,D5200,250.0,24.1
Nikon D5,13,4.87,2.95,600.0 mm f/4.0,6.0,4.43,165,87680471,Gadwall,Vinoba Anand,2018,https://macaulaylibrary.org/asset/87680471,Nikon,D5,2100.0,20.8
Panasonic Lumix G9,13,4.82,2.89,LEICA DG 100-400/F4.0-6.3,2.0,4.9,79,347740821,Anna's Hummingbird,Grace Oliver,2021,https://macaulaylibrary.org/asset/347740821,Panasonic,Lumix G9,500.0,20.3
Nikon D610,13,4.84,2.9,150.0-600.0 mm f/5.0-6.3,5.0,4.85,107,231199371,Sahul Sunbird,Jan Lile,2020,https://macaulaylibrary.org/asset/231199371,Nikon,D610,500.0,24.3
Canon EOS Rebel T7i,13,4.91,3.07,EF400mm f/5.6L USM,3.0,4.98,121,436743581,Blue-headed Vireo,Will Bennett,2022,https://macaulaylibrary.org/asset/436743581,Canon,EOS Rebel T7i,600.0,24.2
Sony Alpha 9,12,4.96,3.22,FE 200-600mm F5.6-6.3 G OSS,8.0,4.9,169,467371931,Bald Eagle,Sam  Eberhard,2022,https://macaulaylibrary.org/asset/467371931,Sony,Alpha 9,1500.0,24.2
Canon EOS 6D,11,4.83,2.98,TAMRON SP 150-600mm F/5-6.3 Di VC USD G2 A022,3.0,4.98,103,388744171,Daurian Redstart,Saku Saku,2018,https://macaulaylibrary.org/asset/388744171,Canon,EOS 6D,700.0,26.2
Nikon D800,11,4.92,2.97,200.0-500.0 mm f/5.6,2.0,4.98,120,603043221,Eastern Whip-poor-will,Megan Gray,2023,https://macaulaylibrary.org/asset/603043221,Nikon,D800,350.0,36.3
Canon EOS 77D,11,4.86,2.78,150-600mm F5-6.3 DG OS HSM | Contemporary 015,3.0,4.8,56,431789201,Costa's Hummingbird,Jeremy Cowan,2022,https://macaulaylibrary.org/asset/431789201,Canon,EOS 77D,450.0,24.2
Canon EOS Rebel T5i,10,4.82,2.81,EF100-400mm f/4.5-5.6L IS II USM,2.0,4.74,103,102514241,Blackburnian Warbler,Tom Auer,2018,https://macaulaylibrary.org/asset/102514241,Canon,EOS Rebel T5i,300.0,18.0
Nikon D3300,10,4.83,2.94,70.0-300.0 mm f/4.5-5.6,3.0,4.75,118,388385331,Snow Goose,Dominique Blanc,2021,https://macaulaylibrary.org/asset/388385331,Nikon,D3300,250.0,24.2
Nikon D3500,10,4.88,3.15,70.0-300.0 mm f/4.5-6.3,2.0,4.87,216,278091841,Burrowing Owl,Brian Browne,2020,https://macaulaylibrary.org/asset/278091841,Nikon,D3500,500.0,24.2
Canon EOS-1D Mark IV,9,4.84,2.97,EF500mm f/4L IS USM +1.4x,2.0,4.75,205,58737651,Indigo Bunting,James Kinderman,2017,https://macaulaylibrary.org/asset/58737651,Canon,EOS-1D Mark IV,600.0,16.1
Canon EOS Rebel T6i,9,4.78,2.83,150-600mm F5-6.3 DG OS HSM | Contemporary 015,3.0,4.84,80,521161421,Heermann's Gull,Oliver Kew,2022,https://macaulaylibrary.org/asset/521161421,Canon,EOS Rebel T6i,300.0,24.2
Canon EOS Rebel T6,8,4.8,2.97,EF400mm f/5.6L USM,2.0,4.91,154,154948661,Black-necked Stilt (Black-necked),Charlotte Farrell,2019,https://macaulaylibrary.org/asset/154948661,Canon,EOS Rebel T6,250.0,18.0
Sony Alpha 9 II,8,4.94,2.96,FE 200-600mm F5.6-6.3 G OSS,4.0,4.94,131,237548831,Pectoral Sandpiper,Geoff Newhouse,2020,https://macaulaylibrary.org/asset/237548831,Sony,Alpha 9 II,2500.0,24.2
Olympus OM-D E-M1X,8,4.85,3.12,M.300mm F4.0 + MC-14,3.0,4.95,128,609976569,LeConte's Sparrow,Gary Mueller,2023,https://macaulaylibrary.org/asset/609976569,Olympus,OM-D E-M1X,800.0,20.4
Nikon Z7 II,7,4.89,3.16,AF-S NIKKOR 500mm f/5.6E PF ED VR,2.0,4.95,87,616000243,Acorn Woodpecker,Mark Rauzon,2024,https://macaulaylibrary.org/asset/616000243,Nikon,Z7 II,1500.0,45.7
Panasonic Lumix DMC-FZ300,7,4.83,3.23,,,4.94,244,529869591,Steller's Sea-Eagle,Robin Duska,2023,https://macaulaylibrary.org/asset/529869591,Panasonic,Lumix DMC-FZ300,400.0,12.1
Canon PowerShot SX70 HS,7,4.8,2.88,3.8-247mm,7.0,4.9,90,415306831,Gray-headed Fish-Eagle,Danidu Geeganage,2021,https://macaulaylibrary.org/asset/415306831,Canon,PowerShot SX70 HS,700.0,20.3
Nikon Z6 II,7,4.93,3.1,VR 200-500mm f/5.6E,3.0,4.98,130,566502651,Emperor Goose,Sergius Hannan,2023,https://macaulaylibrary.org/asset/566502651,Nikon,Z6 II,1200.0,24.5
Nikon Z6 II,7,4.93,3.1,VR 200-500mm f/5.6E,3.0,4.98,130,566502651,Emperor Goose,Sergius Hannan,2023,https://macaulaylibrary.org/asset/566502651,Nikon,Z6 II,2200.0,24.5
Nikon COOLPIX B700,7,4.74,2.79,,,4.79,141,224081131,Great Egret,Shane Carroll,2020,https://macaulaylibrary.org/asset/224081131,Nikon,COOLPIX B700,400.0,20.2
Canon EOS Rebel T2i,7,4.91,3.12,150-600mm F5-6.3 DG OS HSM | Contemporary 015,3.0,4.91,69,415481861,Bohemian Waxwing,Nyjal Singh,2022,https://macaulaylibrary.org/asset/415481861,Canon,EOS Rebel T2i,150.0,18.0
Sony Alpha 6400,6,4.87,2.89,E 70-350mm F4.5-6.3 G OSS,3.0,4.79,92,304057101,Snow Bunting,Sylvie LaRoche,2021,https://macaulaylibrary.org/asset/304057101,Sony,Alpha 6400,650.0,24.2
Sony Alpha 6500,6,4.94,2.87,Sony FE 100-400mm F4.5-5.6 GM OSS (SEL100400GM),2.0,4.96,52,352466781,Band-tailed Manakin,Daniel Alfenas,2021,https://macaulaylibrary.org/asset/352466781,Sony,Alpha 6500,500.0,24.2
Sony Alpha 7R IVa,6,4.94,3.0,FE 200-600mm F5.6-6.3 G OSS,5.0,4.83,155,404664351,Ferruginous Hawk,Valentina Roumi,2022,https://macaulaylibrary.org/asset/404664351,Sony,Alpha 7R IVa,2500.0,61.0
Canon EOS R3,6,4.96,3.03,EF500mm f/4L IS II USM +1.4x III,1.0,4.99,145,617227873,Atlantic Puffin,Grzegorz DÅ‚ugosz,2023,https://macaulaylibrary.org/asset/617227873,Canon,EOS R3,3000.0,24.0
Canon EOS Rebel T5,6,4.7,2.66,EF75-300mm f/4-5.6,3.0,4.96,49,199578601,Ross's Goose,Patrick Sysiong,2020,https://macaulaylibrary.org/asset/199578601,Canon,EOS Rebel T5,200.0,18.0
Canon EOS 5DS R,6,4.92,2.94,EF800mm f/5.6L IS USM,1.0,4.8,59,330449741,Tree Swallow,Pierre Photography,2021,https://macaulaylibrary.org/asset/330449741,Canon,EOS 5DS R,1200.0,50.6
Canon EOS R6 II,6,4.92,3.24,RF200-800mm F6.3-9 IS USM,2.0,4.95,118,621151075,Guira Cuckoo,Fernando Calmon,2024,https://macaulaylibrary.org/asset/621151075,Canon,EOS R6 II,2000.0,24.2
Nikon D4S,6,4.95,3.04,600.0 mm f/4.0,2.0,4.94,71,300947511,Snowy Egret,Neil Rucker,2021,https://macaulaylibrary.org/asset/300947511,Nikon,D4S,1000.0,16.2
Nikon D600,6,4.83,2.75,150.0-500.0 mm f/5.0-6.3,1.0,4.79,68,158927281,Gray Catbird,Jean-SÃ©bastien Mayer,2019,https://macaulaylibrary.org/asset/158927281,Nikon,D600,400.0,24.3
Nikon D5500,6,4.86,2.96,150.0-600.0 mm f/5.0-6.3,2.0,4.9,62,386733681,White-sided Hillstar,Benjamin Figueroa,2021,https://macaulaylibrary.org/asset/386733681,Nikon,D5500,400.0,24.2
Nikon D90,6,4.72,2.81,,,4.92,78,230155011,Eastern Screech-Owl,Etienne ArtigauðŸ¦©,2020,https://macaulaylibrary.org/asset/230155011,Nikon,D90,150.0,12.3
Nikon D300,5,4.71,2.69,300.0 mm f/4.0,2.0,5.0,45,80374211,Chinstrap Penguin,Ken Wright,2017,https://macaulaylibrary.org/asset/80374211,Nikon,D300,150.0,12.3
Nikon COOLPIX P610,5,4.78,2.81,,,4.83,127,87350511,Sandhill Crane,Cole Gaerber,2016,https://macaulaylibrary.org/asset/87350511,Nikon,COOLPIX P610,250.0,16.0
Nikon D4,5,4.95,2.89,600.0 mm f/4.0,1.0,4.99,87,335636821,Trumpeter Swan,Raymond Ladurantaye,2021,https://macaulaylibrary.org/asset/335636821,Nikon,D4,600.0,16.2
Sony Cyber-shot DSC-RX10 III,5,4.62,2.67,8.8-220mm f/2.4-4.0,4.0,4.98,42,318064111,Caspian Tern,Andy Liu,2021,https://macaulaylibrary.org/asset/318064111,Sony,Cyber-shot DSC-RX10 III,500.0,20.1
Pentax K-3,5,4.66,2.81,smc PENTAX-DA* 300mm F4 ED [IF] SDM,1.0,4.94,52,195603861,Long-toed Stint,Volkov Sergey,2019,https://macaulaylibrary.org/asset/195603861,Pentax,K-3,500.0,24.3
Canon EOS 5D Mark II,5,4.91,3.01,EF400mm f/5.6L USM,1.0,4.71,84,61295321,Prothonotary Warbler,Tony Moline,2017,https://macaulaylibrary.org/asset/61295321,Canon,EOS 5D Mark II,350.0,21.1
Sony Alpha 6600,5,4.91,3.03,FE 200-600mm F5.6-6.3 G OSS,2.0,4.97,95,415375861,Eurasian Sparrowhawk,Javier Train Garcia,2022,https://macaulaylibrary.org/asset/415375861,Sony,Alpha 6600,1200.0,24.2
Sony Alpha 7R III,5,4.93,2.97,FE 200-600mm F5.6-6.3 G OSS,4.0,4.94,87,624975008,African Hawk-Eagle,Dominique Genna,2024,https://macaulaylibrary.org/asset/624975008,Sony,Alpha 7R III,1500.0,42.4
Canon EOS R8,4,4.9,2.79,RF100-400mm F5.6-8 IS USM,2.0,4.9,51,626543189,Dark-bellied Cinclodes,graichen & recer,2024,https://macaulaylibrary.org/asset/626543189,Canon,EOS R8,1500.0,24.2
Nikon Z5,4,4.91,3.25,VR 150-600mm f/5-6.3G,2.0,4.97,172,408718491,Black Phoebe,Alex Castelein,2022,https://macaulaylibrary.org/asset/408718491,Nikon,Z5,1100.0,24.3
Sony Alpha 6700,4,4.98,3.03,FE 200-600mm F5.6-6.3 G OSS,4.0,5.0,84,623205937,Rufous-crested Coquette,Guillermo  SaborÃ­o Vega,2024,https://macaulaylibrary.org/asset/623205937,Sony,Alpha 6700,1300.0,26.0
Canon EOS R10,4,4.95,2.89,150-600mm F5-6.3 DG OS HSM | Contemporary 015,2.0,4.79,62,625371894,Great Horned Owl,Lucas Pittman,2023,https://macaulaylibrary.org/asset/625371894,Canon,EOS R10,650.0,24.2
Nikon D3200,4,4.87,2.98,150.0-500.0 mm f/5.0-6.3,1.0,4.89,62,90079171,European Goldfinch,James Taylor,2018,https://macaulaylibrary.org/asset/90079171,Nikon,D3200,200.0,24.2
Nikon Z7,4,4.99,3.22,600.0 mm f/4.0,1.0,4.96,151,213783891,Eastern Bluebird,Keith Kennedy,2020,https://macaulaylibrary.org/asset/213783891,Nikon,Z7,1000.0,45.7
Nikon D700,4,4.92,3.15,TAMRON SP AF 150-600mm F5-6.3 VC USD A011N,1.0,4.92,119,41644021,Blue Grosbeak,Cliff Peterson,2015,https://macaulaylibrary.org/asset/41644021,Nikon,D700,300.0,12.1
Canon EOS 40D,4,4.82,2.65,,,4.69,39,264220541,Wattled Jacana,Carl Thomson,2020,https://macaulaylibrary.org/asset/264220541,Canon,EOS 40D,100.0,10.1
Nikon Z6,4,4.92,3.27,500.0 mm f/5.6,2.0,4.92,124,430689061,Burrowing Owl,Lorenz Crespo,2022,https://macaulaylibrary.org/asset/430689061,Nikon,Z6,1000.0,24.5
Canon EOS 200D,4,4.77,2.85,EF100-400mm f/4.5-5.6L IS II USM,2.0,4.34,71,166748771,Oriental Magpie-Robin,Dr.Sandip  Modi,2019,https://macaulaylibrary.org/asset/166748771,Canon,EOS 200D,200.0,24.2
Olympus OM-D E-M5 Mark II,4,4.92,3.2,OLYMPUS M.40-150mm F2.8,1.0,4.87,89,307675321,Canada Jay,Thierry Grandmont,2021,https://macaulaylibrary.org/asset/307675321,Olympus,OM-D E-M5 Mark II,1000.0,16.0
Canon EOS RP,4,4.93,3.12,150-600mm F5-6.3 DG OS HSM | Contemporary 015,2.0,4.98,98,556216261,American Woodcock,Andrew Tao,2023,https://macaulaylibrary.org/asset/556216261,Canon,EOS RP,550.0,26.2
Sony Alpha 7R V,4,4.96,2.73,FE 200-600mm F5.6-6.3 G OSS,4.0,4.89,36,624670533,Winter Wren,Phillip Stosberg,2024,https://macaulaylibrary.org/asset/624670533,Sony,Alpha 7R V,3500.0,61.0
Canon EOS R,4,4.97,3.1,EF400mm f/5.6L USM +1.4x III,1.0,5.0,90,372877081,American Avocet,Alex Shipherd,2021,https://macaulaylibrary.org/asset/372877081,Canon,EOS R,1000.0,30.3
Nikon D5100,3,4.93,2.76,150.0-500.0 mm f/5.0-6.3,1.0,4.97,33,558296671,Gambel's Quail,alex towers,2023,https://macaulaylibrary.org/asset/558296671,Nikon,D5100,150.0,16.2
Sony Alpha 6000,3,4.96,2.66,Sony FE 200â€“600mm F5.6â€“6.3 G OSS (SEL200600G),1.0,4.93,30,284146241,Willow Ptarmigan (Red Grouse),Yevhen Nosulko,2020,https://macaulaylibrary.org/asset/284146241,Sony,Alpha 6000,300.0,24.3
Fujifilm X-T3,3,4.84,2.84,XF100-400mmF4.5-5.6 R LM OIS WR,2.0,4.91,44,500188811,Rufous Whistler,Gareth Pellas,2022,https://macaulaylibrary.org/asset/500188811,Fujifilm,X-T3,1000.0,26.1
Canon EOS 5DS,3,4.74,2.46,EF100-400mm f/4.5-5.6L IS II USM,2.0,4.95,22,204069581,Victorin's Warbler,Jonathan Slifkin,2017,https://macaulaylibrary.org/asset/204069581,Canon,EOS 5DS,1000.0,50.6
Canon EOS-1D Mark III,3,4.76,2.64,TAMRON SP 150-600mm F/5-6.3 Di VC USD A011,1.0,4.89,38,30584811,Regent Honeyeater,Liam Murphy,2016,https://macaulaylibrary.org/asset/30584811,Canon,EOS-1D Mark III,500.0,10.1
Sony Alpha 6300,3,4.88,2.93,FE 100-400mm F4.5-5.6 GM OSS,1.0,4.83,65,123067681,Blue Jay,Jean CrÃ©peau,2018,https://macaulaylibrary.org/asset/123067681,Sony,Alpha 6300,500.0,24.2
Nikon D800E,3,4.92,2.74,400.0 mm f/2.8,1.0,4.85,41,64250891,Zigzag Heron,Tim Liguori,2017,https://macaulaylibrary.org/asset/64250891,Nikon,D800E,600.0,36.3
Nikon D6,3,4.98,2.83,VR 500mm f/4E,1.0,4.98,54,399901491,Purple Sandpiper,Jian Mei,2021,https://macaulaylibrary.org/asset/399901491,Nikon,D6,6500.0,20.8
Nikon Z50,3,4.85,3.19,NIKKOR Z DX 50-250mm f/4.5-6.3 VR,2.0,4.94,127,301728521,Redpoll (Common),Mollie Ficker,2021,https://macaulaylibrary.org/asset/301728521,Nikon,Z50,600.0,20.9
Canon EOS-1D X Mark III,3,4.92,3.33,EF400mm f/2.8L IS II USM +2x III,1.0,4.78,160,337342551,Balearic Shearwater,Rafael Armada | Warbler Tours,2021,https://macaulaylibrary.org/asset/337342551,Canon,EOS-1D X Mark III,6500.0,20.1
Sony Alpha 7R II,3,4.63,2.64,FE 200-600mm F5.6-6.3 G OSS,1.0,4.92,36,212050861,Purple Sandpiper,Benjamin Clock,2020,https://macaulaylibrary.org/asset/212050861,Sony,Alpha 7R II,1000.0,42.4
Canon EOS Rebel T3,3,4.51,2.68,EF75-300mm f/4-5.6,1.0,4.79,53,33832101,Snowy Plover,Sam Heinrich,2016,https://macaulaylibrary.org/asset/33832101,Canon,EOS Rebel T3,200.0,12.2
Olympus OM-D E-M1 Mark III,3,4.93,2.57,OM 100-400mm F5.0-6.3,1.0,5.0,25,418857311,Marbled Duck,David FernÃ¡ndez,2022,https://macaulaylibrary.org/asset/418857311,Olympus,OM-D E-M1 Mark III,1800.0,20.4
Canon EOS Rebel T1i,3,4.76,2.8,EF300mm f/4L IS USM +1.4x,1.0,4.78,45,68910381,Emperor Penguin,Laura McDuffie,2016,https://macaulaylibrary.org/asset/68910381,Canon,EOS Rebel T1i,100.0,15.1
Panasonic Lumix DMC-GX8,3,4.76,3.03,OLYMPUS M.75-300mm F4.8-6.7 II,1.0,4.84,56,290783251,Juniper Titmouse,Mike Malmquist,2020,https://macaulaylibrary.org/asset/290783251,Panasonic,Lumix DMC-GX8,500.0,20.3
Sony Alpha 7 II,3,4.91,2.97,FE 200-600mm F5.6-6.3 G OSS,2.0,4.89,55,615410157,Canada Goose,James Ancona,2024,https://macaulaylibrary.org/asset/615410157,Sony,Alpha 7 II,600.0,24.3
Canon EOS Rebel T4i,3,4.73,3.12,150-600mm F5-6.3 DG OS HSM | Contemporary 015,1.0,4.74,66,176008221,Agami Heron,Isaias Soliz +502 3047 5583 www.voltanadventures.com,2019,https://macaulaylibrary.org/asset/176008221,Canon,EOS Rebel T4i,300.0,18.0
Sony Cyber-shot DSC-HX400V,3,4.75,2.66,4.3-215mm f/2.8-6.3,3.0,4.7,37,332861361,Song Thrush,JosÃ© Miguel Barbosa,2021,https://macaulaylibrary.org/asset/332861361,Sony,Cyber-shot DSC-HX400V,150.0,20.4
Nikon COOLPIX P600,3,4.71,2.59,,,4.81,32,57875361,Common Potoo,Julian Zuleta (OrganizaciÃ³n Ambiental Vida silvestre),2017,https://macaulaylibrary.org/asset/57875361,Nikon,COOLPIX P600,250.0,16.1
Canon EOS 450D,3,4.91,2.92,EF100-400mm f/4.5-5.6L IS II USM,1.0,4.94,69,134440531,Blue-throated Mountain-gem,Joe Aliperti,2019,https://macaulaylibrary.org/asset/134440531,Canon,EOS 450D,100.0,12.2
Canon PowerShot SX40 HS,3,4.68,2.87,,,4.57,76,248205841,Red-billed Chough,Filipe CanÃ¡rio,2016,https://macaulaylibrary.org/asset/248205841,Canon,PowerShot SX40 HS,50.0,12.1
Canon EOS Rebel SL1,3,4.56,2.48,EF100-400mm f/4.5-5.6L IS II USM,1.0,5.0,30,545984031,Lawrence's Goldfinch,Max Breshears,2023,https://macaulaylibrary.org/asset/545984031,Canon,EOS Rebel SL1,200.0,18.0
Canon EOS Rebel T7,2,4.95,2.73,TAMRON SP 150-600mm F/5-6.3 Di VC USD G2 A022,2.0,4.9,31,400424461,Pin-tailed Sandgrouse,Alejandro Sanz,2020,https://macaulaylibrary.org/asset/400424461,Canon,EOS Rebel T7,300.0,24.1
Panasonic Lumix DMC-FZ70,2,4.43,2.77,,,4.19,111,87698681,Southern House Wren,Carlos D'Angelo,2015,https://macaulaylibrary.org/asset/87698681,Panasonic,Lumix DMC-FZ70,200.0,16.1
Sony Alpha 77 II,2,4.8,2.92,70-300mm F4-5.6 SSM,1.0,4.73,73,94379711,Pileated Woodpecker,Alan Hingston,2018,https://macaulaylibrary.org/asset/94379711,Sony,Alpha 77 II,500.0,24.3
Sony Alpha SLT-A65,2,4.62,2.49,150-600mm F5-6.3 SSM,2.0,4.55,31,171366201,White-headed Pigeon,Peter & Shelly Watts,2018,https://macaulaylibrary.org/asset/171366201,Sony,Alpha SLT-A65,200.0,24.3
Canon EOS Rebel SL3,2,4.86,3.15,EF70-300mm f/4-5.6 IS II USM,1.0,4.9,61,518020801,Brown Pelican,Jill Casperson,2022,https://macaulaylibrary.org/asset/518020801,Canon,EOS Rebel SL3,400.0,24.1
Canon EOS Rebel SL3,2,4.86,3.15,EF70-300mm f/4-5.6 IS II USM,1.0,4.9,61,518020801,Brown Pelican,Jill Casperson,2022,https://macaulaylibrary.org/asset/518020801,Canon,EOS Rebel SL3,500.0,24.1
Nikon D3100,2,4.8,2.59,150.0-600.0 mm f/5.0-6.3,1.0,4.92,25,613126832,Waved Albatross,Gabriel Pulgar Guardiola,2024,https://macaulaylibrary.org/asset/613126832,Nikon,D3100,200.0,14.2
Nikon D300S,2,4.8,2.72,300.0 mm f/4.0,1.0,4.73,37,95041301,Secretarybird,Kurt Hennige,2018,https://macaulaylibrary.org/asset/95041301,Nikon,D300S,200.0,12.3
Sony Alpha SLT-A77,2,4.89,2.88,70-400mm F4-5.6 G SSM,1.0,4.91,53,455960091,Seaside Sparrow,Maxwell Ramey,2022,https://macaulaylibrary.org/asset/455960091,Sony,Alpha SLT-A77,400.0,24.3
Canon PowerShot G3 X,2,4.89,2.68,8.8-220.0 mm,1.0,4.92,36,204918521,Hazel Grouse,Ruslan  Kirillin,2018,https://macaulaylibrary.org/asset/204918521,Canon,PowerShot G3 X,300.0,20.2
Canon EOS 50D,2,4.96,2.79,EF70-200mm f/2.8L IS USM +1.4x,1.0,4.93,44,242934571,Black-browed Albatross,Kent Warner,2020,https://macaulaylibrary.org/asset/242934571,Canon,EOS 50D,150.0,15.1
Canon EOS 400D,2,4.96,3.16,,,4.97,60,62216621,Yellow-bellied Tanager,Oscar Johnson,2015,https://macaulaylibrary.org/asset/62216621,Canon,EOS 400D,25.0,10.1
Nikon D780,2,4.97,2.79,VR 150-600mm f/5-6.3G,1.0,4.94,34,610044517,Burrowing Owl,Marla Hibbitts,2023,https://macaulaylibrary.org/asset/610044517,Nikon,D780,2300.0,24.5
Panasonic Lumix DMC-GX7,1,4.73,2.53,,,4.73,26,56741281,Great Slaty Woodpecker,Kai Soon Chan,2017,https://macaulaylibrary.org/asset/56741281,Panasonic,Lumix DMC-GX7,400.0,16.0
Canon EOS 350D,1,4.82,2.45,,,4.82,22,60622081,Somali Ostrich,David Orth-Moore,2015,https://macaulaylibrary.org/asset/60622081,Canon,EOS 350D,25.0,8.0
Sony Cyber-shot DSC-HX350,1,4.81,2.6,4.3-215mm f/2.8-6.3,1.0,4.81,27,250664841,Australian Pipit,Richard Murray,2020,https://macaulaylibrary.org/asset/250664841,Sony,Cyber-shot DSC-HX350,50.0,20.4
Sony Alpha SLT-A57,1,4.98,3.27,75-300mm F4.5-5.6,1.0,4.98,56,135461341,Sacred Kingfisher,Sara Young,2019,https://macaulaylibrary.org/asset/135461341,Sony,Alpha SLT-A57,500.0,16.1
Canon EOS Rebel T6s,1,4.98,3.32,EF400mm f/5.6L USM,1.0,4.98,60,312139561,Boreal Owl,Neil Denton,2021,https://macaulaylibrary.org/asset/312139561,Canon,EOS Rebel T6s,650.0,24.2
Panasonic Lumix DMC-G80,1,4.76,2.52,,,4.76,25,204134441,White-browed Tit-Warbler,Tom Heijnen,2018,https://macaulaylibrary.org/asset/204134441,Panasonic,Lumix DMC-G80,300.0,16.0
Panasonic Lumix DMC-FZ200,1,4.76,2.52,,,4.76,25,50953961,Plum-headed Parakeet,Suzanne Cholette,2017,https://macaulaylibrary.org/asset/50953961,Panasonic,Lumix DMC-FZ200,200.0,12.1
Fujifilm X-T4,1,4.75,2.59,XF150-600mmF5.6-8 R LM OIS WR,1.0,4.75,28,616390858,Ground Parrot,Veeraj Sharma,2024,https://macaulaylibrary.org/asset/616390858,Fujifilm,X-T4,1200.0,26.1
Canon PowerShot SX540 HS,1,4.75,2.48,,,4.75,24,141131751,Black Drongo,George Kuriakose  Basil,2019,https://macaulaylibrary.org/asset/141131751,Canon,PowerShot SX540 HS,200.0,20.3
Panasonic Lumix DMC-FZ2500,1,5.0,2.93,,,5.0,36,120492991,Pin-tailed Whydah,Robert Hamilton,2018,https://macaulaylibrary.org/asset/120492991,Panasonic,Lumix DMC-FZ2500,600.0,20.1
Sony Alpha 7C,1,4.74,3.02,E 28-200mm F2.8-5.6 A071,1.0,4.74,50,316787051,Brown Goshawk,Michael Drake,2021,https://macaulaylibrary.org/asset/316787051,Sony,Alpha 7C,1200.0,24.2
Nikon COOLPIX B500,1,4.92,2.6,,,4.92,25,174378301,Burrowing Owl,NicolÃ¡s Bejarano,2019,https://macaulaylibrary.org/asset/174378301,Nikon,COOLPIX B500,200.0,16.0
Olympus OM-D E-M5,1,4.71,2.36,LEICA DG 100-400/F4.0-6.3,1.0,4.71,21,91463911,Nicobar Pigeon,Hans-Peter Bieri,2018,https://macaulaylibrary.org/asset/91463911,Olympus,OM-D E-M5,300.0,16.1
Nikon 1 V2,1,5.0,2.91,1 NIKKOR VR 70-300mm f/4.5-5.6,1.0,5.0,35,105796241,Purple-crowned Fairy,Don Danko,2017,https://macaulaylibrary.org/asset/105796241,Nikon,1 V2,100.0,14.2
Nikon D200,1,4.64,2.72,300.0-800.0 mm f/5.6,1.0,4.64,36,90843741,Eurasian Eagle-Owl,Don de la Rambelje,2015,https://macaulaylibrary.org/asset/90843741,Nikon,D200,100.0,10.2
Canon PowerShot SX720 HS,1,4.61,2.38,,,4.61,23,430560871,Gray-necked Rockfowl,Alexis Lamek,2022,https://macaulaylibrary.org/asset/430560871,Canon,PowerShot SX720 HS,500.0,20.3
Panasonic Lumix DMC-FZ72,1,4.59,2.33,,,4.59,22,145005421,Quail-plover,Barry Reed,2019,https://macaulaylibrary.org/asset/145005421,Panasonic,Lumix DMC-FZ72,200.0,16.1
Nikon COOLPIX P520,1,4.55,2.31,,,4.55,22,522362541,Brazilian Teal,Nazareno Yunes Del Carlo,2023,https://macaulaylibrary.org/asset/522362541,Nikon,COOLPIX P520,300.0,18.1
Fujifilm FinePix SL300,1,4.52,2.27,,,4.52,21,24171571,Junin Grebe,Kevin Chumpitaz Trujillo,2016,https://macaulaylibrary.org/asset/24171571,Fujifilm,FinePix SL300,150.0,14.0
Panasonic Lumix DC-TZ95,1,4.46,2.38,,,4.46,26,512476641,Eurasian Blackbird,TomÃ¡Å¡ Koranda,2022,https://macaulaylibrary.org/asset/512476641,Panasonic,Lumix DC-TZ95,800.0,20.3
Nikon D60,1,4.4,2.33,,,4.4,25,172259461,Coscoroba Swan,Juan Esteban Salazar,2019,https://macaulaylibrary.org/asset/172259461,Nikon,D60,100.0,10.2
Fujifilm X-T30,1,4.36,2.49,XF70-300mmF4-5.6 R LM OIS WR,1.0,4.36,33,612250962,Southern Red Bishop,Andrew Black,2023,https://macaulaylibrary.org/asset/612250962,Fujifilm,X-T30,500.0,26.1
Sony Cyber-shot DSC-H400,1,4.32,3.45,,,4.32,137,74561741,European Starling,Carlos Pereira,2017,https://macaulaylibrary.org/asset/74561741,Sony,Cyber-shot DSC-H400,200.0,20.1
Panasonic Lumix DMC-G85,1,4.7,2.42,LEICA DG 100-400/F4.0-6.3,1.0,4.7,23,211833421,Scarlet Robin (Campbell's),Keith Morris,2020,https://macaulaylibrary.org/asset/211833421,Panasonic,Lumix DMC-G85,400.0,16.0
Apple iPhone 12 Pro,1,4.82,3.3,iPhone 12 Pro back triple camera 6mm f/2,1.0,4.82,67,595634481,Muscovy Duck (Domestic type),Christine Zamora,2023,https://macaulaylibrary.org/asset/595634481,Apple,iPhone 12 Pro,500.0,12.0
Canon EOS Rebel T100,1,5.0,2.58,150-500mm,1.0,5.0,23,478161161,Ruff,Jordan Grau,2022,https://macaulaylibrary.org/asset/478161161,Canon,EOS Rebel T100,300.0,18.0
Olympus OM-1 Mark II,1,4.82,2.45,OLYMPUS M.300mm F4.0,1.0,4.82,22,618971551,Multicolored Tanager,Richard Thunen,2024,https://macaulaylibrary.org/asset/618971551,Olympus,OM-1 Mark II,500.0,20.4
Panasonic Lumix DC-FZ80,1,4.91,2.53,,,4.91,23,281288811,Antioquia Brushfinch,RamÃ³n David Ruiz Correa (@rada.birding),2020,https://macaulaylibrary.org/asset/281288811,Panasonic,Lumix DC-FZ80,400.0,18.1
Pentax K-5,1,4.91,3.22,smc PENTAX-DA* 300mm F4 ED [IF] SDM,1.0,4.91,56,183694121,Blue Jay,FranÃ§ois Martin,2019,https://macaulaylibrary.org/asset/183694121,Pentax,K-5,300.0,16.3
Sony Alpha DSLR-A200,1,4.95,2.52,75-300mm F4.5-5.6,1.0,4.95,22,87250041,Alpine Accentor,Matthias Tissot,2015,https://macaulaylibrary.org/asset/87250041,Sony,Alpha DSLR-A200,100.0,10.2
Panasonic Lumix DC-GX9,1,4.9,2.73,,,4.9,30,548228531,Red-billed Oxpecker,Thomas Mourez,2023,https://macaulaylibrary.org/asset/548228531,Panasonic,Lumix DC-GX9,1000.0,20.3
Sony Alpha 7S III,1,4.9,2.73,FE 200-600mm F5.6-6.3 G OSS,1.0,4.9,30,553869731,Egyptian Vulture,Peter Alexander,2023,https://macaulaylibrary.org/asset/553869731,Sony,Alpha 7S III,3000.0,12.1
Sony Alpha 9 III,1,4.95,2.94,FE 100-400mm F4.5-5.6 GM OSS + 1.4X Teleconverter,1.0,4.95,38,621810200,Common Nighthawk,Bob Bowhay,2024,https://macaulaylibrary.org/asset/621810200,Sony,Alpha 9 III,5000.0,24.6
Samsung Galaxy A52s 5G,1,4.95,2.96,,,4.95,39,467358791,Savanna Nightjar,Kun-Hui  Lin,2022,https://macaulaylibrary.org/asset/467358791,Samsung,Galaxy A52s 5G,300.0,64.0
Panasonic Lumix DMC-G7,1,4.89,3.21,,,4.89,56,281601621,Lesser Kestrel,Ellen Askum,2017,https://macaulaylibrary.org/asset/281601621,Panasonic,Lumix DMC-G7,500.0,16.0
Panasonic Lumix DMC-FZ60,1,4.89,2.64,,,4.89,27,88369151,South American Painted-Snipe,MartÃ­n Toledo,2018,https://macaulaylibrary.org/asset/88369151,Panasonic,Lumix DMC-FZ60,100.0,16.1
Panasonic Lumix DMC-FZ1000,1,4.95,2.48,,,4.95,21,129826981,Speckled Pigeon,Peter Kaestner,2015,https://macaulaylibrary.org/asset/129826981,Panasonic,Lumix DMC-FZ1000,500.0,20.1
Sony Alpha 6100,1,4.88,2.61,FE 200-600mm F5.6-6.3 G OSS,1.0,4.88,26,468916451,Vigors's Sunbird,Sujit Nair,2021,https://macaulaylibrary.org/asset/468916451,Sony,Alpha 6100,750.0,24.2
Fujifilm FinePix S1,1,4.87,3.18,,,4.87,55,233312091,Audouin's Gull,D HARVEY,2015,https://macaulaylibrary.org/asset/233312091,Fujifilm,FinePix S1,300.0,16.4
Olympus OM-D E-M1,1,4.87,2.74,M.300mm F4.0 + MC-14,1.0,4.87,31,90919521,Forest Kingfisher,David Boyle,2018,https://macaulaylibrary.org/asset/90919521,Olympus,OM-D E-M1,300.0,16.3
Sony Cyber-shot DSC-RX100 VII,1,4.97,2.79,9-72mm f/2.8-4.5,1.0,4.97,31,625836350,Chinstrap Penguin,Mark Whiffin,2023,https://macaulaylibrary.org/asset/625836350,Sony,Cyber-shot DSC-RX100 VII,1200.0,20.1
Apple iPhone 15 Pro,1,4.86,3.44,iPhone 15 Pro back triple camera 2.22mm f/2.2,1.0,4.86,78,613671574,Yellow-crested Helmetshrike,Matt Brady,2023,https://macaulaylibrary.org/asset/613671574,Apple,iPhone 15 Pro,600.0,48.0
Nikon D3,1,4.86,4.53,300.0 mm f/4.0,1.0,4.86,314,318547341,Great Horned Owl,Nathalie Talbot,2021,https://macaulaylibrary.org/asset/318547341,Nikon,D3,500.0,12.1
Panasonic Lumix DC-GH5,1,4.86,2.96,LEICA DG 100-400/F4.0-6.3,1.0,4.86,42,400194881,Black Rosy-Finch,Aidan Lorenz,2021,https://macaulaylibrary.org/asset/400194881,Panasonic,Lumix DC-GH5,200.0,20.3
Nikon D80,1,5.0,2.64,,,5.0,25,83211011,Indian Roller,Peter Arras,2018,https://macaulaylibrary.org/asset/83211011,Nikon,D80,100.0,10.2
Panasonic Lumix DMC-GH3,1,4.84,3.07,,,4.84,49,38252891,Fish Crow,Paul Tavares,2015,https://macaulaylibrary.org/asset/38252891,Panasonic,Lumix DMC-GH3,300.0,16.1
Canon PowerShot SX530 HS,1,4.84,3.2,,,4.84,58,475324131,Long-tailed Meadowlark,Alasco LÃ³pez,2022,https://macaulaylibrary.org/asset/475324131,Canon,PowerShot SX530 HS,250.0,16.0
Canon EOS R5 II,1,5.0,2.61,RF200-800mm F6.3-9 IS USM,1.0,5.0,24,627619151,Long-tailed Duck,SONER SABIRLI,2024,https://macaulaylibrary.org/asset/627619151,Canon,EOS R5 II,4000.0,45.0
Sony Cyber-shot DSC-HX100V,1,4.84,2.56,4.8-144mm f/2.8-5.6,1.0,4.84,25,60801041,Piapiac,Catherine McFadden,2017,https://macaulaylibrary.org/asset/60801041,Sony,Cyber-shot DSC-HX100V,200.0,16.2
Pentax K-3 II,1,4.83,4.53,smc PENTAX-DA* 300mm F4 ED [IF] SDM,1.0,4.83,323,80930791,Red-tailed Hawk (abieticola),Vincent Fyson,2018,https://macaulaylibrary.org/asset/80930791,Pentax,K-3 II,700.0,24.3
Apple iPhone 12,1,4.26,2.72,iPhone 12 back dual wide camera 4.2mm f/1.6,1.0,4.26,50,549100221,Great Gray Shrike,Simon Bernard,2023,https://macaulaylibrary.org/asset/549100221,Apple,iPhone 12,200.0,12.0
